{
  "prepare_queue": {
    "installed": [],
    "uninstalled": []
  },
  "config_munge": {
    "files": {
      "config.xml": {
        "parents": {
          "/*": [
            {
              "xml": "<feature name=\"Device\"><param name=\"browser-package\" value=\"Device\" /></feature>",
              "count": 1
            },
            {
              "xml": "<feature name=\"CordovaHttpPlugin\"><param name=\"browser-package\" value=\"CordovaHttpPlugin\" /></feature>",
              "count": 1
            }
          ]
        }
      }
    }
  },
  "installed_plugins": {
    "cordova-androidx-build": {
      "PACKAGE_NAME": "io.ionic.starter"
    },
    "cordova-plugin-firebase": {
      "PACKAGE_NAME": "io.ionic.starter"
    },
    "cordova-plugin-geolocation": {
      "GPS_REQUIRED": "true",
      "PACKAGE_NAME": "io.ionic.starter"
    },
    "cordova-plugin-add-swift-support": {
      "PACKAGE_NAME": "io.ionic.starter"
    },
    "cordova-plugin-nativegeocoder": {
      "PACKAGE_NAME": "io.ionic.starter"
    },
    "cordova-plugin-whitelist": {
      "PACKAGE_NAME": "io.ionic.starter"
    },
    "cordova-plugin-statusbar": {
      "PACKAGE_NAME": "io.ionic.starter"
    },
    "cordova-plugin-device": {
      "PACKAGE_NAME": "io.ionic.starter"
    },
    "cordova-plugin-splashscreen": {
      "PACKAGE_NAME": "io.ionic.starter"
    },
    "cordova-plugin-ionic-webview": {
      "PACKAGE_NAME": "io.ionic.starter"
    },
    "cordova-plugin-ionic-keyboard": {
      "PACKAGE_NAME": "io.ionic.starter"
    },
    "cordova-plugin-file": {
      "PACKAGE_NAME": "io.ionic.starter"
    },
    "cordova-plugin-advanced-http": {
      "PACKAGE_NAME": "io.ionic.starter"
    }
  },
  "dependent_plugins": {},
  "modules": [
    {
      "file": "plugins/cordova-plugin-firebase/www/firebase-browser.js",
      "id": "cordova-plugin-firebase.FirebasePlugin",
      "pluginId": "cordova-plugin-firebase",
      "clobbers": [
        "FirebasePlugin"
      ]
    },
    {
      "file": "plugins/cordova-plugin-nativegeocoder/www/NativeGeocoder.js",
      "id": "cordova-plugin-nativegeocoder.NativeGeocoder",
      "pluginId": "cordova-plugin-nativegeocoder",
      "clobbers": [
        "nativegeocoder"
      ]
    },
    {
      "file": "plugins/cordova-plugin-statusbar/www/statusbar.js",
      "id": "cordova-plugin-statusbar.statusbar",
      "pluginId": "cordova-plugin-statusbar",
      "clobbers": [
        "window.StatusBar"
      ]
    },
    {
      "file": "plugins/cordova-plugin-statusbar/src/browser/StatusBarProxy.js",
      "id": "cordova-plugin-statusbar.StatusBarProxy",
      "pluginId": "cordova-plugin-statusbar",
      "runs": true
    },
    {
      "file": "plugins/cordova-plugin-device/www/device.js",
      "id": "cordova-plugin-device.device",
      "pluginId": "cordova-plugin-device",
      "clobbers": [
        "device"
      ]
    },
    {
      "file": "plugins/cordova-plugin-device/src/browser/DeviceProxy.js",
      "id": "cordova-plugin-device.DeviceProxy",
      "pluginId": "cordova-plugin-device",
      "runs": true
    },
    {
      "file": "plugins/cordova-plugin-splashscreen/www/splashscreen.js",
      "id": "cordova-plugin-splashscreen.SplashScreen",
      "pluginId": "cordova-plugin-splashscreen",
      "clobbers": [
        "navigator.splashscreen"
      ]
    },
    {
      "file": "plugins/cordova-plugin-splashscreen/src/browser/SplashScreenProxy.js",
      "id": "cordova-plugin-splashscreen.SplashScreenProxy",
      "pluginId": "cordova-plugin-splashscreen",
      "runs": true
    },
    {
      "file": "plugins/cordova-plugin-ionic-webview/src/www/util.js",
      "id": "cordova-plugin-ionic-webview.IonicWebView",
      "pluginId": "cordova-plugin-ionic-webview",
      "clobbers": [
        "Ionic.WebView"
      ]
    },
    {
      "file": "plugins/cordova-plugin-file/www/DirectoryEntry.js",
      "id": "cordova-plugin-file.DirectoryEntry",
      "pluginId": "cordova-plugin-file",
      "clobbers": [
        "window.DirectoryEntry"
      ]
    },
    {
      "file": "plugins/cordova-plugin-file/www/DirectoryReader.js",
      "id": "cordova-plugin-file.DirectoryReader",
      "pluginId": "cordova-plugin-file",
      "clobbers": [
        "window.DirectoryReader"
      ]
    },
    {
      "file": "plugins/cordova-plugin-file/www/Entry.js",
      "id": "cordova-plugin-file.Entry",
      "pluginId": "cordova-plugin-file",
      "clobbers": [
        "window.Entry"
      ]
    },
    {
      "file": "plugins/cordova-plugin-file/www/File.js",
      "id": "cordova-plugin-file.File",
      "pluginId": "cordova-plugin-file",
      "clobbers": [
        "window.File"
      ]
    },
    {
      "file": "plugins/cordova-plugin-file/www/FileEntry.js",
      "id": "cordova-plugin-file.FileEntry",
      "pluginId": "cordova-plugin-file",
      "clobbers": [
        "window.FileEntry"
      ]
    },
    {
      "file": "plugins/cordova-plugin-file/www/FileError.js",
      "id": "cordova-plugin-file.FileError",
      "pluginId": "cordova-plugin-file",
      "clobbers": [
        "window.FileError"
      ]
    },
    {
      "file": "plugins/cordova-plugin-file/www/FileReader.js",
      "id": "cordova-plugin-file.FileReader",
      "pluginId": "cordova-plugin-file",
      "clobbers": [
        "window.FileReader"
      ]
    },
    {
      "file": "plugins/cordova-plugin-file/www/FileSystem.js",
      "id": "cordova-plugin-file.FileSystem",
      "pluginId": "cordova-plugin-file",
      "clobbers": [
        "window.FileSystem"
      ]
    },
    {
      "file": "plugins/cordova-plugin-file/www/FileUploadOptions.js",
      "id": "cordova-plugin-file.FileUploadOptions",
      "pluginId": "cordova-plugin-file",
      "clobbers": [
        "window.FileUploadOptions"
      ]
    },
    {
      "file": "plugins/cordova-plugin-file/www/FileUploadResult.js",
      "id": "cordova-plugin-file.FileUploadResult",
      "pluginId": "cordova-plugin-file",
      "clobbers": [
        "window.FileUploadResult"
      ]
    },
    {
      "file": "plugins/cordova-plugin-file/www/FileWriter.js",
      "id": "cordova-plugin-file.FileWriter",
      "pluginId": "cordova-plugin-file",
      "clobbers": [
        "window.FileWriter"
      ]
    },
    {
      "file": "plugins/cordova-plugin-file/www/Flags.js",
      "id": "cordova-plugin-file.Flags",
      "pluginId": "cordova-plugin-file",
      "clobbers": [
        "window.Flags"
      ]
    },
    {
      "file": "plugins/cordova-plugin-file/www/LocalFileSystem.js",
      "id": "cordova-plugin-file.LocalFileSystem",
      "pluginId": "cordova-plugin-file",
      "clobbers": [
        "window.LocalFileSystem"
      ],
      "merges": [
        "window"
      ]
    },
    {
      "file": "plugins/cordova-plugin-file/www/Metadata.js",
      "id": "cordova-plugin-file.Metadata",
      "pluginId": "cordova-plugin-file",
      "clobbers": [
        "window.Metadata"
      ]
    },
    {
      "file": "plugins/cordova-plugin-file/www/ProgressEvent.js",
      "id": "cordova-plugin-file.ProgressEvent",
      "pluginId": "cordova-plugin-file",
      "clobbers": [
        "window.ProgressEvent"
      ]
    },
    {
      "file": "plugins/cordova-plugin-file/www/fileSystems.js",
      "id": "cordova-plugin-file.fileSystems",
      "pluginId": "cordova-plugin-file"
    },
    {
      "file": "plugins/cordova-plugin-file/www/requestFileSystem.js",
      "id": "cordova-plugin-file.requestFileSystem",
      "pluginId": "cordova-plugin-file",
      "clobbers": [
        "window.requestFileSystem"
      ]
    },
    {
      "file": "plugins/cordova-plugin-file/www/resolveLocalFileSystemURI.js",
      "id": "cordova-plugin-file.resolveLocalFileSystemURI",
      "pluginId": "cordova-plugin-file",
      "merges": [
        "window"
      ]
    },
    {
      "file": "plugins/cordova-plugin-file/www/browser/isChrome.js",
      "id": "cordova-plugin-file.isChrome",
      "pluginId": "cordova-plugin-file",
      "runs": true
    },
    {
      "file": "plugins/cordova-plugin-file/www/browser/Preparing.js",
      "id": "cordova-plugin-file.Preparing",
      "pluginId": "cordova-plugin-file",
      "runs": true
    },
    {
      "file": "plugins/cordova-plugin-file/src/browser/FileProxy.js",
      "id": "cordova-plugin-file.browserFileProxy",
      "pluginId": "cordova-plugin-file",
      "runs": true
    },
    {
      "file": "plugins/cordova-plugin-file/www/fileSystemPaths.js",
      "id": "cordova-plugin-file.fileSystemPaths",
      "pluginId": "cordova-plugin-file",
      "merges": [
        "cordova"
      ],
      "runs": true
    },
    {
      "file": "plugins/cordova-plugin-file/www/browser/FileSystem.js",
      "id": "cordova-plugin-file.firefoxFileSystem",
      "pluginId": "cordova-plugin-file",
      "merges": [
        "window.FileSystem"
      ]
    },
    {
      "file": "plugins/cordova-plugin-advanced-http/www/cookie-handler.js",
      "id": "cordova-plugin-advanced-http.cookie-handler",
      "pluginId": "cordova-plugin-advanced-http"
    },
    {
      "file": "plugins/cordova-plugin-advanced-http/www/dependency-validator.js",
      "id": "cordova-plugin-advanced-http.dependency-validator",
      "pluginId": "cordova-plugin-advanced-http"
    },
    {
      "file": "plugins/cordova-plugin-advanced-http/www/error-codes.js",
      "id": "cordova-plugin-advanced-http.error-codes",
      "pluginId": "cordova-plugin-advanced-http"
    },
    {
      "file": "plugins/cordova-plugin-advanced-http/www/global-configs.js",
      "id": "cordova-plugin-advanced-http.global-configs",
      "pluginId": "cordova-plugin-advanced-http"
    },
    {
      "file": "plugins/cordova-plugin-advanced-http/www/helpers.js",
      "id": "cordova-plugin-advanced-http.helpers",
      "pluginId": "cordova-plugin-advanced-http"
    },
    {
      "file": "plugins/cordova-plugin-advanced-http/www/js-util.js",
      "id": "cordova-plugin-advanced-http.js-util",
      "pluginId": "cordova-plugin-advanced-http"
    },
    {
      "file": "plugins/cordova-plugin-advanced-http/www/local-storage-store.js",
      "id": "cordova-plugin-advanced-http.local-storage-store",
      "pluginId": "cordova-plugin-advanced-http"
    },
    {
      "file": "plugins/cordova-plugin-advanced-http/www/lodash.js",
      "id": "cordova-plugin-advanced-http.lodash",
      "pluginId": "cordova-plugin-advanced-http"
    },
    {
      "file": "plugins/cordova-plugin-advanced-http/www/messages.js",
      "id": "cordova-plugin-advanced-http.messages",
      "pluginId": "cordova-plugin-advanced-http"
    },
    {
      "file": "plugins/cordova-plugin-advanced-http/www/ponyfills.js",
      "id": "cordova-plugin-advanced-http.ponyfills",
      "pluginId": "cordova-plugin-advanced-http"
    },
    {
      "file": "plugins/cordova-plugin-advanced-http/www/public-interface.js",
      "id": "cordova-plugin-advanced-http.public-interface",
      "pluginId": "cordova-plugin-advanced-http"
    },
    {
      "file": "plugins/cordova-plugin-advanced-http/www/umd-tough-cookie.js",
      "id": "cordova-plugin-advanced-http.tough-cookie",
      "pluginId": "cordova-plugin-advanced-http"
    },
    {
      "file": "plugins/cordova-plugin-advanced-http/www/url-util.js",
      "id": "cordova-plugin-advanced-http.url-util",
      "pluginId": "cordova-plugin-advanced-http"
    },
    {
      "file": "plugins/cordova-plugin-advanced-http/www/advanced-http.js",
      "id": "cordova-plugin-advanced-http.http",
      "pluginId": "cordova-plugin-advanced-http",
      "clobbers": [
        "cordova.plugin.http"
      ]
    },
    {
      "file": "plugins/cordova-plugin-advanced-http/src/browser/cordova-http-plugin.js",
      "id": "cordova-plugin-advanced-http.http-proxy",
      "pluginId": "cordova-plugin-advanced-http",
      "runs": true
    }
  ],
  "plugin_metadata": {
    "cordova-androidx-build": "1.0.4",
    "cordova-plugin-firebase": "2.0.5",
    "cordova-plugin-geolocation": "4.1.0",
    "cordova-plugin-add-swift-support": "2.0.2",
    "cordova-plugin-nativegeocoder": "3.4.1",
    "cordova-plugin-whitelist": "1.3.3",
    "cordova-plugin-statusbar": "2.4.2",
    "cordova-plugin-device": "2.0.2",
    "cordova-plugin-splashscreen": "5.0.2",
    "cordova-plugin-ionic-webview": "4.2.1",
    "cordova-plugin-ionic-keyboard": "2.2.0",
    "cordova-plugin-file": "6.0.2",
    "cordova-plugin-advanced-http": "3.1.0"
  }
}
